[{"model": "contenttypes.contenttype", "pk": 1, "fields": {"app_label": "admin", "model": "logentry"}}, {"model": "contenttypes.contenttype", "pk": 2, "fields": {"app_label": "auth", "model": "permission"}}, {"model": "contenttypes.contenttype", "pk": 3, "fields": {"app_label": "auth", "model": "group"}}, {"model": "contenttypes.contenttype", "pk": 4, "fields": {"app_label": "auth", "model": "user"}}, {"model": "contenttypes.contenttype", "pk": 5, "fields": {"app_label": "contenttypes", "model": "contenttype"}}, {"model": "contenttypes.contenttype", "pk": 6, "fields": {"app_label": "sessions", "model": "session"}}, {"model": "contenttypes.contenttype", "pk": 7, "fields": {"app_label": "blog", "model": "blogtype"}}, {"model": "contenttypes.contenttype", "pk": 8, "fields": {"app_label": "blog", "model": "blog"}}, {"model": "contenttypes.contenttype", "pk": 9, "fields": {"app_label": "read_statistics", "model": "readnum"}}, {"model": "contenttypes.contenttype", "pk": 10, "fields": {"app_label": "read_statistics", "model": "readdetail"}}, {"model": "contenttypes.contenttype", "pk": 11, "fields": {"app_label": "comment", "model": "comment"}}, {"model": "sessions.session", "pk": "9n8p2mam0smqup06noo6p6fqkzq1d2ae", "fields": {"session_data": "MDRmNWJiM2ZmZWI2MjYxZGE4MjkzNzdiMzMwZjBiZDE2MWM4NWYwMDp7Il9hdXRoX3VzZXJfaWQiOiIxIiwiX2F1dGhfdXNlcl9iYWNrZW5kIjoiZGphbmdvLmNvbnRyaWIuYXV0aC5iYWNrZW5kcy5Nb2RlbEJhY2tlbmQiLCJfYXV0aF91c2VyX2hhc2giOiI1YzA1M2JkMWU3YjFjMmEzN2U4MGE1MjVkMGFiZTE5N2VmN2E3OTAzIn0=", "expire_date": "2019-02-19T17:02:59.072Z"}}, {"model": "sessions.session", "pk": "a992g967dvhk5e111tkixvgt83cw4qfv", "fields": {"session_data": "MDRmNWJiM2ZmZWI2MjYxZGE4MjkzNzdiMzMwZjBiZDE2MWM4NWYwMDp7Il9hdXRoX3VzZXJfaWQiOiIxIiwiX2F1dGhfdXNlcl9iYWNrZW5kIjoiZGphbmdvLmNvbnRyaWIuYXV0aC5iYWNrZW5kcy5Nb2RlbEJhY2tlbmQiLCJfYXV0aF91c2VyX2hhc2giOiI1YzA1M2JkMWU3YjFjMmEzN2U4MGE1MjVkMGFiZTE5N2VmN2E3OTAzIn0=", "expire_date": "2019-02-18T16:58:16.221Z"}}, {"model": "sessions.session", "pk": "c2qv4ch0901vhddvjq17wymq5ec102ce", "fields": {"session_data": "MDRmNWJiM2ZmZWI2MjYxZGE4MjkzNzdiMzMwZjBiZDE2MWM4NWYwMDp7Il9hdXRoX3VzZXJfaWQiOiIxIiwiX2F1dGhfdXNlcl9iYWNrZW5kIjoiZGphbmdvLmNvbnRyaWIuYXV0aC5iYWNrZW5kcy5Nb2RlbEJhY2tlbmQiLCJfYXV0aF91c2VyX2hhc2giOiI1YzA1M2JkMWU3YjFjMmEzN2U4MGE1MjVkMGFiZTE5N2VmN2E3OTAzIn0=", "expire_date": "2019-02-19T15:38:08.282Z"}}, {"model": "sessions.session", "pk": "gjqmpgkscce7d8jnscrnx2kqw05nppfq", "fields": {"session_data": "MDRmNWJiM2ZmZWI2MjYxZGE4MjkzNzdiMzMwZjBiZDE2MWM4NWYwMDp7Il9hdXRoX3VzZXJfaWQiOiIxIiwiX2F1dGhfdXNlcl9iYWNrZW5kIjoiZGphbmdvLmNvbnRyaWIuYXV0aC5iYWNrZW5kcy5Nb2RlbEJhY2tlbmQiLCJfYXV0aF91c2VyX2hhc2giOiI1YzA1M2JkMWU3YjFjMmEzN2U4MGE1MjVkMGFiZTE5N2VmN2E3OTAzIn0=", "expire_date": "2019-02-19T17:24:20.618Z"}}, {"model": "sessions.session", "pk": "h6j7h53p6n0pba749mua4136ky1flszm", "fields": {"session_data": "MDRmNWJiM2ZmZWI2MjYxZGE4MjkzNzdiMzMwZjBiZDE2MWM4NWYwMDp7Il9hdXRoX3VzZXJfaWQiOiIxIiwiX2F1dGhfdXNlcl9iYWNrZW5kIjoiZGphbmdvLmNvbnRyaWIuYXV0aC5iYWNrZW5kcy5Nb2RlbEJhY2tlbmQiLCJfYXV0aF91c2VyX2hhc2giOiI1YzA1M2JkMWU3YjFjMmEzN2U4MGE1MjVkMGFiZTE5N2VmN2E3OTAzIn0=", "expire_date": "2019-02-19T17:19:12.747Z"}}, {"model": "sessions.session", "pk": "is7zwnu1qktcm5iuwqik3yzmcjxaytjn", "fields": {"session_data": "MDRmNWJiM2ZmZWI2MjYxZGE4MjkzNzdiMzMwZjBiZDE2MWM4NWYwMDp7Il9hdXRoX3VzZXJfaWQiOiIxIiwiX2F1dGhfdXNlcl9iYWNrZW5kIjoiZGphbmdvLmNvbnRyaWIuYXV0aC5iYWNrZW5kcy5Nb2RlbEJhY2tlbmQiLCJfYXV0aF91c2VyX2hhc2giOiI1YzA1M2JkMWU3YjFjMmEzN2U4MGE1MjVkMGFiZTE5N2VmN2E3OTAzIn0=", "expire_date": "2019-02-18T07:58:59.711Z"}}, {"model": "sessions.session", "pk": "jey4m3uazr2vr290ftdixnbaabctw8uk", "fields": {"session_data": "MDRmNWJiM2ZmZWI2MjYxZGE4MjkzNzdiMzMwZjBiZDE2MWM4NWYwMDp7Il9hdXRoX3VzZXJfaWQiOiIxIiwiX2F1dGhfdXNlcl9iYWNrZW5kIjoiZGphbmdvLmNvbnRyaWIuYXV0aC5iYWNrZW5kcy5Nb2RlbEJhY2tlbmQiLCJfYXV0aF91c2VyX2hhc2giOiI1YzA1M2JkMWU3YjFjMmEzN2U4MGE1MjVkMGFiZTE5N2VmN2E3OTAzIn0=", "expire_date": "2019-02-19T17:24:47.379Z"}}, {"model": "sessions.session", "pk": "lkh7jz5cmp19wqt8v9cn4smk2hsvwy2u", "fields": {"session_data": "MDRmNWJiM2ZmZWI2MjYxZGE4MjkzNzdiMzMwZjBiZDE2MWM4NWYwMDp7Il9hdXRoX3VzZXJfaWQiOiIxIiwiX2F1dGhfdXNlcl9iYWNrZW5kIjoiZGphbmdvLmNvbnRyaWIuYXV0aC5iYWNrZW5kcy5Nb2RlbEJhY2tlbmQiLCJfYXV0aF91c2VyX2hhc2giOiI1YzA1M2JkMWU3YjFjMmEzN2U4MGE1MjVkMGFiZTE5N2VmN2E3OTAzIn0=", "expire_date": "2019-02-18T12:44:41.035Z"}}, {"model": "sessions.session", "pk": "m627x5ixjbm2iw2xk0535s1vk0pd9ulk", "fields": {"session_data": "MDRmNWJiM2ZmZWI2MjYxZGE4MjkzNzdiMzMwZjBiZDE2MWM4NWYwMDp7Il9hdXRoX3VzZXJfaWQiOiIxIiwiX2F1dGhfdXNlcl9iYWNrZW5kIjoiZGphbmdvLmNvbnRyaWIuYXV0aC5iYWNrZW5kcy5Nb2RlbEJhY2tlbmQiLCJfYXV0aF91c2VyX2hhc2giOiI1YzA1M2JkMWU3YjFjMmEzN2U4MGE1MjVkMGFiZTE5N2VmN2E3OTAzIn0=", "expire_date": "2019-02-17T07:56:49.820Z"}}, {"model": "sessions.session", "pk": "pcg6fmur2tq8kvb5rlmflyk4uzx4b1bq", "fields": {"session_data": "MDRmNWJiM2ZmZWI2MjYxZGE4MjkzNzdiMzMwZjBiZDE2MWM4NWYwMDp7Il9hdXRoX3VzZXJfaWQiOiIxIiwiX2F1dGhfdXNlcl9iYWNrZW5kIjoiZGphbmdvLmNvbnRyaWIuYXV0aC5iYWNrZW5kcy5Nb2RlbEJhY2tlbmQiLCJfYXV0aF91c2VyX2hhc2giOiI1YzA1M2JkMWU3YjFjMmEzN2U4MGE1MjVkMGFiZTE5N2VmN2E3OTAzIn0=", "expire_date": "2019-02-18T16:16:27.050Z"}}, {"model": "sessions.session", "pk": "vm9k01vollf36w8z11s833qgakcwr3ld", "fields": {"session_data": "MDRmNWJiM2ZmZWI2MjYxZGE4MjkzNzdiMzMwZjBiZDE2MWM4NWYwMDp7Il9hdXRoX3VzZXJfaWQiOiIxIiwiX2F1dGhfdXNlcl9iYWNrZW5kIjoiZGphbmdvLmNvbnRyaWIuYXV0aC5iYWNrZW5kcy5Nb2RlbEJhY2tlbmQiLCJfYXV0aF91c2VyX2hhc2giOiI1YzA1M2JkMWU3YjFjMmEzN2U4MGE1MjVkMGFiZTE5N2VmN2E3OTAzIn0=", "expire_date": "2019-02-19T17:25:20.411Z"}}, {"model": "sessions.session", "pk": "ytm0oox0gh1csm08m5elvzswk2ureezx", "fields": {"session_data": "MDRmNWJiM2ZmZWI2MjYxZGE4MjkzNzdiMzMwZjBiZDE2MWM4NWYwMDp7Il9hdXRoX3VzZXJfaWQiOiIxIiwiX2F1dGhfdXNlcl9iYWNrZW5kIjoiZGphbmdvLmNvbnRyaWIuYXV0aC5iYWNrZW5kcy5Nb2RlbEJhY2tlbmQiLCJfYXV0aF91c2VyX2hhc2giOiI1YzA1M2JkMWU3YjFjMmEzN2U4MGE1MjVkMGFiZTE5N2VmN2E3OTAzIn0=", "expire_date": "2019-02-19T17:18:33.469Z"}}, {"model": "blog.blogtype", "pk": 1, "fields": {"type_name": "DJango"}}, {"model": "blog.blogtype", "pk": 2, "fields": {"type_name": "\u968f\u7b14"}}, {"model": "blog.blogtype", "pk": 3, "fields": {"type_name": "\u611f\u609f"}}, {"model": "read_statistics.readnum", "pk": 1, "fields": {"read_num": 16, "content_type": 8, "object_id": 36}}, {"model": "read_statistics.readnum", "pk": 2, "fields": {"read_num": 11, "content_type": 8, "object_id": 35}}, {"model": "read_statistics.readnum", "pk": 3, "fields": {"read_num": 3, "content_type": 8, "object_id": 34}}, {"model": "read_statistics.readnum", "pk": 4, "fields": {"read_num": 2, "content_type": 8, "object_id": 33}}, {"model": "read_statistics.readnum", "pk": 5, "fields": {"read_num": 3, "content_type": 8, "object_id": 32}}, {"model": "read_statistics.readnum", "pk": 6, "fields": {"read_num": 1, "content_type": 8, "object_id": 31}}, {"model": "read_statistics.readnum", "pk": 7, "fields": {"read_num": 3, "content_type": 8, "object_id": 3}}, {"model": "read_statistics.readnum", "pk": 8, "fields": {"read_num": 1, "content_type": 8, "object_id": 27}}, {"model": "read_statistics.readnum", "pk": 9, "fields": {"read_num": 1, "content_type": 8, "object_id": 26}}, {"model": "read_statistics.readnum", "pk": 10, "fields": {"read_num": 1, "content_type": 8, "object_id": 25}}, {"model": "read_statistics.readnum", "pk": 11, "fields": {"read_num": 1, "content_type": 8, "object_id": 19}}, {"model": "read_statistics.readnum", "pk": 12, "fields": {"read_num": 1, "content_type": 8, "object_id": 18}}, {"model": "read_statistics.readnum", "pk": 13, "fields": {"read_num": 1, "content_type": 8, "object_id": 4}}, {"model": "read_statistics.readnum", "pk": 14, "fields": {"read_num": 1, "content_type": 8, "object_id": 2}}, {"model": "read_statistics.readnum", "pk": 15, "fields": {"read_num": 3, "content_type": 8, "object_id": 1}}, {"model": "read_statistics.readnum", "pk": 16, "fields": {"read_num": 41, "content_type": 8, "object_id": 37}}, {"model": "read_statistics.readnum", "pk": 17, "fields": {"read_num": 1, "content_type": 8, "object_id": 20}}, {"model": "read_statistics.readnum", "pk": 18, "fields": {"read_num": 1, "content_type": 8, "object_id": 22}}, {"model": "read_statistics.readdetail", "pk": 1, "fields": {"date": "2019-02-01", "read_num": 1, "content_type": 8, "object_id": 36}}, {"model": "read_statistics.readdetail", "pk": 2, "fields": {"date": "2019-02-01", "read_num": 1, "content_type": 8, "object_id": 3}}, {"model": "read_statistics.readdetail", "pk": 3, "fields": {"date": "2019-02-01", "read_num": 3, "content_type": 8, "object_id": 35}}, {"model": "read_statistics.readdetail", "pk": 4, "fields": {"date": "2019-02-01", "read_num": 1, "content_type": 8, "object_id": 4}}, {"model": "read_statistics.readdetail", "pk": 5, "fields": {"date": "2019-02-01", "read_num": 1, "content_type": 8, "object_id": 2}}, {"model": "read_statistics.readdetail", "pk": 6, "fields": {"date": "2019-02-01", "read_num": 1, "content_type": 8, "object_id": 1}}, {"model": "read_statistics.readdetail", "pk": 7, "fields": {"date": "2019-01-31", "read_num": 3, "content_type": 8, "object_id": 20}}, {"model": "read_statistics.readdetail", "pk": 8, "fields": {"date": "2019-02-02", "read_num": 1, "content_type": 8, "object_id": 36}}, {"model": "read_statistics.readdetail", "pk": 9, "fields": {"date": "2019-02-02", "read_num": 2, "content_type": 8, "object_id": 35}}, {"model": "read_statistics.readdetail", "pk": 10, "fields": {"date": "2019-02-02", "read_num": 2, "content_type": 8, "object_id": 37}}, {"model": "read_statistics.readdetail", "pk": 11, "fields": {"date": "2019-02-03", "read_num": 9, "content_type": 8, "object_id": 37}}, {"model": "read_statistics.readdetail", "pk": 12, "fields": {"date": "2019-02-03", "read_num": 2, "content_type": 8, "object_id": 36}}, {"model": "read_statistics.readdetail", "pk": 13, "fields": {"date": "2019-02-04", "read_num": 14, "content_type": 8, "object_id": 37}}, {"model": "read_statistics.readdetail", "pk": 14, "fields": {"date": "2019-02-04", "read_num": 1, "content_type": 8, "object_id": 3}}, {"model": "read_statistics.readdetail", "pk": 15, "fields": {"date": "2019-02-04", "read_num": 1, "content_type": 8, "object_id": 33}}, {"model": "read_statistics.readdetail", "pk": 16, "fields": {"date": "2019-02-04", "read_num": 3, "content_type": 8, "object_id": 36}}, {"model": "read_statistics.readdetail", "pk": 17, "fields": {"date": "2019-02-04", "read_num": 2, "content_type": 8, "object_id": 35}}, {"model": "read_statistics.readdetail", "pk": 18, "fields": {"date": "2019-02-04", "read_num": 1, "content_type": 8, "object_id": 32}}, {"model": "read_statistics.readdetail", "pk": 19, "fields": {"date": "2019-02-05", "read_num": 14, "content_type": 8, "object_id": 37}}, {"model": "read_statistics.readdetail", "pk": 20, "fields": {"date": "2019-02-05", "read_num": 5, "content_type": 8, "object_id": 36}}, {"model": "read_statistics.readdetail", "pk": 21, "fields": {"date": "2019-02-05", "read_num": 3, "content_type": 8, "object_id": 35}}, {"model": "read_statistics.readdetail", "pk": 22, "fields": {"date": "2019-02-05", "read_num": 1, "content_type": 8, "object_id": 34}}, {"model": "read_statistics.readdetail", "pk": 23, "fields": {"date": "2019-02-05", "read_num": 1, "content_type": 8, "object_id": 32}}, {"model": "read_statistics.readdetail", "pk": 24, "fields": {"date": "2019-02-05", "read_num": 1, "content_type": 8, "object_id": 20}}, {"model": "read_statistics.readdetail", "pk": 25, "fields": {"date": "2019-02-06", "read_num": 1, "content_type": 8, "object_id": 36}}, {"model": "read_statistics.readdetail", "pk": 26, "fields": {"date": "2019-02-06", "read_num": 2, "content_type": 8, "object_id": 35}}, {"model": "read_statistics.readdetail", "pk": 27, "fields": {"date": "2019-02-06", "read_num": 2, "content_type": 8, "object_id": 1}}, {"model": "read_statistics.readdetail", "pk": 28, "fields": {"date": "2019-02-06", "read_num": 1, "content_type": 8, "object_id": 37}}, {"model": "read_statistics.readdetail", "pk": 29, "fields": {"date": "2019-02-08", "read_num": 1, "content_type": 8, "object_id": 22}}, {"model": "read_statistics.readdetail", "pk": 30, "fields": {"date": "2019-02-10", "read_num": 1, "content_type": 8, "object_id": 35}}, {"model": "read_statistics.readdetail", "pk": 31, "fields": {"date": "2019-02-10", "read_num": 1, "content_type": 8, "object_id": 37}}, {"model": "read_statistics.readdetail", "pk": 32, "fields": {"date": "2019-02-10", "read_num": 1, "content_type": 8, "object_id": 34}}, {"model": "read_statistics.readdetail", "pk": 33, "fields": {"date": "2019-02-10", "read_num": 1, "content_type": 8, "object_id": 36}}, {"model": "auth.permission", "pk": 1, "fields": {"name": "Can add log entry", "content_type": 1, "codename": "add_logentry"}}, {"model": "auth.permission", "pk": 2, "fields": {"name": "Can change log entry", "content_type": 1, "codename": "change_logentry"}}, {"model": "auth.permission", "pk": 3, "fields": {"name": "Can delete log entry", "content_type": 1, "codename": "delete_logentry"}}, {"model": "auth.permission", "pk": 4, "fields": {"name": "Can view log entry", "content_type": 1, "codename": "view_logentry"}}, {"model": "auth.permission", "pk": 5, "fields": {"name": "Can add permission", "content_type": 2, "codename": "add_permission"}}, {"model": "auth.permission", "pk": 6, "fields": {"name": "Can change permission", "content_type": 2, "codename": "change_permission"}}, {"model": "auth.permission", "pk": 7, "fields": {"name": "Can delete permission", "content_type": 2, "codename": "delete_permission"}}, {"model": "auth.permission", "pk": 8, "fields": {"name": "Can view permission", "content_type": 2, "codename": "view_permission"}}, {"model": "auth.permission", "pk": 9, "fields": {"name": "Can add group", "content_type": 3, "codename": "add_group"}}, {"model": "auth.permission", "pk": 10, "fields": {"name": "Can change group", "content_type": 3, "codename": "change_group"}}, {"model": "auth.permission", "pk": 11, "fields": {"name": "Can delete group", "content_type": 3, "codename": "delete_group"}}, {"model": "auth.permission", "pk": 12, "fields": {"name": "Can view group", "content_type": 3, "codename": "view_group"}}, {"model": "auth.permission", "pk": 13, "fields": {"name": "Can add user", "content_type": 4, "codename": "add_user"}}, {"model": "auth.permission", "pk": 14, "fields": {"name": "Can change user", "content_type": 4, "codename": "change_user"}}, {"model": "auth.permission", "pk": 15, "fields": {"name": "Can delete user", "content_type": 4, "codename": "delete_user"}}, {"model": "auth.permission", "pk": 16, "fields": {"name": "Can view user", "content_type": 4, "codename": "view_user"}}, {"model": "auth.permission", "pk": 17, "fields": {"name": "Can add content type", "content_type": 5, "codename": "add_contenttype"}}, {"model": "auth.permission", "pk": 18, "fields": {"name": "Can change content type", "content_type": 5, "codename": "change_contenttype"}}, {"model": "auth.permission", "pk": 19, "fields": {"name": "Can delete content type", "content_type": 5, "codename": "delete_contenttype"}}, {"model": "auth.permission", "pk": 20, "fields": {"name": "Can view content type", "content_type": 5, "codename": "view_contenttype"}}, {"model": "auth.permission", "pk": 21, "fields": {"name": "Can add session", "content_type": 6, "codename": "add_session"}}, {"model": "auth.permission", "pk": 22, "fields": {"name": "Can change session", "content_type": 6, "codename": "change_session"}}, {"model": "auth.permission", "pk": 23, "fields": {"name": "Can delete session", "content_type": 6, "codename": "delete_session"}}, {"model": "auth.permission", "pk": 24, "fields": {"name": "Can view session", "content_type": 6, "codename": "view_session"}}, {"model": "auth.permission", "pk": 25, "fields": {"name": "Can add blog type", "content_type": 7, "codename": "add_blogtype"}}, {"model": "auth.permission", "pk": 26, "fields": {"name": "Can change blog type", "content_type": 7, "codename": "change_blogtype"}}, {"model": "auth.permission", "pk": 27, "fields": {"name": "Can delete blog type", "content_type": 7, "codename": "delete_blogtype"}}, {"model": "auth.permission", "pk": 28, "fields": {"name": "Can view blog type", "content_type": 7, "codename": "view_blogtype"}}, {"model": "auth.permission", "pk": 29, "fields": {"name": "Can add blog", "content_type": 8, "codename": "add_blog"}}, {"model": "auth.permission", "pk": 30, "fields": {"name": "Can change blog", "content_type": 8, "codename": "change_blog"}}, {"model": "auth.permission", "pk": 31, "fields": {"name": "Can delete blog", "content_type": 8, "codename": "delete_blog"}}, {"model": "auth.permission", "pk": 32, "fields": {"name": "Can view blog", "content_type": 8, "codename": "view_blog"}}, {"model": "auth.permission", "pk": 33, "fields": {"name": "Can add read num", "content_type": 9, "codename": "add_readnum"}}, {"model": "auth.permission", "pk": 34, "fields": {"name": "Can change read num", "content_type": 9, "codename": "change_readnum"}}, {"model": "auth.permission", "pk": 35, "fields": {"name": "Can delete read num", "content_type": 9, "codename": "delete_readnum"}}, {"model": "auth.permission", "pk": 36, "fields": {"name": "Can view read num", "content_type": 9, "codename": "view_readnum"}}, {"model": "auth.permission", "pk": 37, "fields": {"name": "Can add read detail", "content_type": 10, "codename": "add_readdetail"}}, {"model": "auth.permission", "pk": 38, "fields": {"name": "Can change read detail", "content_type": 10, "codename": "change_readdetail"}}, {"model": "auth.permission", "pk": 39, "fields": {"name": "Can delete read detail", "content_type": 10, "codename": "delete_readdetail"}}, {"model": "auth.permission", "pk": 40, "fields": {"name": "Can view read detail", "content_type": 10, "codename": "view_readdetail"}}, {"model": "auth.permission", "pk": 41, "fields": {"name": "Can add comment", "content_type": 11, "codename": "add_comment"}}, {"model": "auth.permission", "pk": 42, "fields": {"name": "Can change comment", "content_type": 11, "codename": "change_comment"}}, {"model": "auth.permission", "pk": 43, "fields": {"name": "Can delete comment", "content_type": 11, "codename": "delete_comment"}}, {"model": "auth.permission", "pk": 44, "fields": {"name": "Can view comment", "content_type": 11, "codename": "view_comment"}}, {"model": "auth.user", "pk": 1, "fields": {"password": "pbkdf2_sha256$120000$CyAAGjblgXey$qh9gXT+tZnCE0+yHp4w5vhftRs9Aqafu7hTqVHakh8o=", "last_login": "2019-02-05T17:25:20.408Z", "is_superuser": true, "username": "shawn", "first_name": "", "last_name": "", "email": "", "is_staff": true, "is_active": true, "date_joined": "2019-01-29T16:15:58.217Z", "groups": [], "user_permissions": []}}, {"model": "auth.user", "pk": 2, "fields": {"password": "pbkdf2_sha256$120000$UmQEWwo0MH9i$Vjag/YlxrITqvq1N/cdJOw5gI5iAOZ4BGaPrtJphn1s=", "last_login": "2019-02-04T06:59:48.173Z", "is_superuser": false, "username": "bob", "first_name": "", "last_name": "", "email": "1@qq.com", "is_staff": false, "is_active": true, "date_joined": "2019-02-04T06:59:47.939Z", "groups": [], "user_permissions": []}}, {"model": "blog.blog", "pk": 1, "fields": {"title": "\u7b2c\u4e00\u7bc7\u535a\u5ba2", "blog_type": 1, "content": "123", "author": 1, "create_time": "2019-01-29T16:30:43.704Z", "last_updated_time": "2019-01-29T16:30:43.704Z"}}, {"model": "blog.blog", "pk": 2, "fields": {"title": "\u7b2c\u4e8c\u7bc7\u535a\u5ba2", "blog_type": 2, "content": "\u5929\u9ed1\u4e86", "author": 1, "create_time": "2019-01-29T17:23:43.609Z", "last_updated_time": "2019-01-29T17:23:43.609Z"}}, {"model": "blog.blog", "pk": 3, "fields": {"title": "\u957f\u5185\u5bb9\u7684\u535a\u5ba2", "blog_type": 3, "content": "asdfgdshdgfgdgndfsgfdhgfsasfdhgfadsfdgfsasfdgfdsfdgfasfdasd", "author": 1, "create_time": "2019-01-29T17:29:10.366Z", "last_updated_time": "2019-01-29T17:29:10.366Z"}}, {"model": "blog.blog", "pk": 4, "fields": {"title": "\u518d\u6765\u4e00\u7bc7\u968f\u7b14", "blog_type": 2, "content": "<p>\u6708\u9ed1<strong>\u98ce\u9ad8</strong>\u591c</p>", "author": 1, "create_time": "2019-01-29T18:15:28.314Z", "last_updated_time": "2019-01-31T19:54:05.995Z"}}, {"model": "blog.blog", "pk": 5, "fields": {"title": "shell\u4e0b\u7684\u7b2c1\u7bc7", "blog_type": 1, "content": "xxxxxxxxxx", "author": 1, "create_time": "2019-01-31T07:00:52.872Z", "last_updated_time": "2019-01-31T07:00:52.872Z"}}, {"model": "blog.blog", "pk": 6, "fields": {"title": "for 1", "blog_type": 1, "content": "xxx:1", "author": 1, "create_time": "2019-01-31T07:29:41.811Z", "last_updated_time": "2019-01-31T07:29:41.811Z"}}, {"model": "blog.blog", "pk": 7, "fields": {"title": "for 2", "blog_type": 1, "content": "xxx:2", "author": 1, "create_time": "2019-01-31T07:29:41.815Z", "last_updated_time": "2019-01-31T07:29:41.815Z"}}, {"model": "blog.blog", "pk": 8, "fields": {"title": "for 3", "blog_type": 1, "content": "xxx:3", "author": 1, "create_time": "2019-01-31T07:29:41.817Z", "last_updated_time": "2019-01-31T07:29:41.817Z"}}, {"model": "blog.blog", "pk": 9, "fields": {"title": "for 4", "blog_type": 1, "content": "xxx:4", "author": 1, "create_time": "2019-01-31T07:29:41.819Z", "last_updated_time": "2019-01-31T07:29:41.819Z"}}, {"model": "blog.blog", "pk": 10, "fields": {"title": "for 5", "blog_type": 1, "content": "xxx:5", "author": 1, "create_time": "2019-01-31T07:29:41.820Z", "last_updated_time": "2019-01-31T07:29:41.820Z"}}, {"model": "blog.blog", "pk": 11, "fields": {"title": "for 6", "blog_type": 1, "content": "xxx:6", "author": 1, "create_time": "2019-01-31T07:29:41.822Z", "last_updated_time": "2019-01-31T07:29:41.822Z"}}, {"model": "blog.blog", "pk": 12, "fields": {"title": "for 7", "blog_type": 1, "content": "xxx:7", "author": 1, "create_time": "2019-01-31T07:29:41.824Z", "last_updated_time": "2019-01-31T07:29:41.824Z"}}, {"model": "blog.blog", "pk": 13, "fields": {"title": "for 8", "blog_type": 1, "content": "xxx:8", "author": 1, "create_time": "2019-01-31T07:29:41.826Z", "last_updated_time": "2019-01-31T07:29:41.826Z"}}, {"model": "blog.blog", "pk": 14, "fields": {"title": "for 9", "blog_type": 1, "content": "xxx:9", "author": 1, "create_time": "2019-01-31T07:29:41.828Z", "last_updated_time": "2019-01-31T07:29:41.828Z"}}, {"model": "blog.blog", "pk": 15, "fields": {"title": "for 10", "blog_type": 1, "content": "xxx:10", "author": 1, "create_time": "2019-01-31T07:29:41.829Z", "last_updated_time": "2019-01-31T07:29:41.829Z"}}, {"model": "blog.blog", "pk": 16, "fields": {"title": "for 11", "blog_type": 1, "content": "xxx:11", "author": 1, "create_time": "2019-01-31T07:29:41.831Z", "last_updated_time": "2019-01-31T07:29:41.831Z"}}, {"model": "blog.blog", "pk": 17, "fields": {"title": "for 12", "blog_type": 1, "content": "xxx:12", "author": 1, "create_time": "2019-01-31T07:29:41.833Z", "last_updated_time": "2019-01-31T07:29:41.833Z"}}, {"model": "blog.blog", "pk": 18, "fields": {"title": "for 13", "blog_type": 1, "content": "xxx:13", "author": 1, "create_time": "2019-01-31T07:29:41.834Z", "last_updated_time": "2019-01-31T07:29:41.834Z"}}, {"model": "blog.blog", "pk": 19, "fields": {"title": "for 14", "blog_type": 1, "content": "xxx:14", "author": 1, "create_time": "2019-01-31T07:29:41.835Z", "last_updated_time": "2019-01-31T07:29:41.835Z"}}, {"model": "blog.blog", "pk": 20, "fields": {"title": "for 15", "blog_type": 1, "content": "xxx:15", "author": 1, "create_time": "2019-01-31T07:29:41.836Z", "last_updated_time": "2019-01-31T07:29:41.837Z"}}, {"model": "blog.blog", "pk": 21, "fields": {"title": "for 16", "blog_type": 1, "content": "xxx:16", "author": 1, "create_time": "2019-01-31T07:29:41.838Z", "last_updated_time": "2019-01-31T07:29:41.838Z"}}, {"model": "blog.blog", "pk": 22, "fields": {"title": "for 17", "blog_type": 1, "content": "xxx:17", "author": 1, "create_time": "2019-01-31T07:29:41.839Z", "last_updated_time": "2019-01-31T07:29:41.839Z"}}, {"model": "blog.blog", "pk": 23, "fields": {"title": "for 18", "blog_type": 1, "content": "xxx:18", "author": 1, "create_time": "2019-01-31T07:29:41.840Z", "last_updated_time": "2019-01-31T07:29:41.840Z"}}, {"model": "blog.blog", "pk": 24, "fields": {"title": "for 19", "blog_type": 1, "content": "xxx:19", "author": 1, "create_time": "2019-01-31T07:29:41.841Z", "last_updated_time": "2019-01-31T07:29:41.841Z"}}, {"model": "blog.blog", "pk": 25, "fields": {"title": "for 20", "blog_type": 1, "content": "xxx:20", "author": 1, "create_time": "2019-01-31T07:29:41.842Z", "last_updated_time": "2019-01-31T07:29:41.842Z"}}, {"model": "blog.blog", "pk": 26, "fields": {"title": "for 21", "blog_type": 1, "content": "xxx:21", "author": 1, "create_time": "2019-01-31T07:29:41.843Z", "last_updated_time": "2019-01-31T07:29:41.843Z"}}, {"model": "blog.blog", "pk": 27, "fields": {"title": "for 22", "blog_type": 1, "content": "xxx:22", "author": 1, "create_time": "2019-01-31T07:29:41.845Z", "last_updated_time": "2019-01-31T07:29:41.845Z"}}, {"model": "blog.blog", "pk": 28, "fields": {"title": "for 23", "blog_type": 1, "content": "xxx:23", "author": 1, "create_time": "2019-01-31T07:29:41.846Z", "last_updated_time": "2019-01-31T07:29:41.846Z"}}, {"model": "blog.blog", "pk": 29, "fields": {"title": "for 24", "blog_type": 1, "content": "xxx:24", "author": 1, "create_time": "2019-01-31T07:29:41.847Z", "last_updated_time": "2019-01-31T07:29:41.847Z"}}, {"model": "blog.blog", "pk": 30, "fields": {"title": "for 25", "blog_type": 1, "content": "xxx:25", "author": 1, "create_time": "2019-01-31T07:29:41.848Z", "last_updated_time": "2019-01-31T07:29:41.848Z"}}, {"model": "blog.blog", "pk": 31, "fields": {"title": "for 26", "blog_type": 1, "content": "xxx:26", "author": 1, "create_time": "2019-01-31T07:29:41.849Z", "last_updated_time": "2019-01-31T07:29:41.849Z"}}, {"model": "blog.blog", "pk": 32, "fields": {"title": "for 27", "blog_type": 1, "content": "xxx:27", "author": 1, "create_time": "2019-01-31T07:29:41.850Z", "last_updated_time": "2019-01-31T07:29:41.850Z"}}, {"model": "blog.blog", "pk": 33, "fields": {"title": "for 28", "blog_type": 1, "content": "xxx:28", "author": 1, "create_time": "2019-01-31T07:29:41.851Z", "last_updated_time": "2019-01-31T07:29:41.851Z"}}, {"model": "blog.blog", "pk": 34, "fields": {"title": "for 29", "blog_type": 1, "content": "xxx:29", "author": 1, "create_time": "2019-01-31T07:29:41.852Z", "last_updated_time": "2019-01-31T07:29:41.852Z"}}, {"model": "blog.blog", "pk": 35, "fields": {"title": "for 30", "blog_type": 1, "content": "xxx:30", "author": 1, "create_time": "2019-01-31T07:29:41.853Z", "last_updated_time": "2019-01-31T20:29:13.018Z"}}, {"model": "blog.blog", "pk": 36, "fields": {"title": "2\u6708\u65b0\u7bc7", "blog_type": 3, "content": "<p>\u5feb\u8fc7\u5e74\u4e86</p>\r\n\r\n<h1><strong>\u4f60\u60f3\u8981\u538b\u5c81\u94b1\u5417\uff1f</strong></h1>\r\n\r\n<h1><img alt=\"\" src=\"/media/upload/2019/02/01/41548663486_pic_hd.jpg\" style=\"height:200px; width:200px\" /></h1>", "author": 1, "create_time": "2019-01-31T16:44:23.809Z", "last_updated_time": "2019-02-01T14:37:45.677Z"}}, {"model": "blog.blog", "pk": 37, "fields": {"title": "\u65b0\u6625\u4f73\u8282", "blog_type": 3, "content": "<p>\u7206\u7af9\u58f0\u4e2d\u4e00\u5c81\u9664</p>", "author": 1, "create_time": "2019-02-02T18:41:50.811Z", "last_updated_time": "2019-02-02T18:41:50.811Z"}}, {"model": "comment.comment", "pk": 1, "fields": {"content_type": 8, "object_id": 37, "text": "123", "comment_time": "2019-02-03T17:34:04.004Z", "user": 1, "root": null, "parent": null, "reply_to": null}}, {"model": "comment.comment", "pk": 2, "fields": {"content_type": 8, "object_id": 37, "text": "234", "comment_time": "2019-02-03T17:44:15.982Z", "user": 1, "root": null, "parent": null, "reply_to": null}}, {"model": "comment.comment", "pk": 3, "fields": {"content_type": 8, "object_id": 37, "text": "qwe", "comment_time": "2019-02-04T08:06:17.352Z", "user": 2, "root": null, "parent": null, "reply_to": null}}, {"model": "comment.comment", "pk": 4, "fields": {"content_type": 8, "object_id": 37, "text": "asd", "comment_time": "2019-02-04T10:03:37.913Z", "user": 2, "root": null, "parent": null, "reply_to": null}}, {"model": "comment.comment", "pk": 5, "fields": {"content_type": 8, "object_id": 37, "text": "<p>555</p>", "comment_time": "2019-02-04T13:33:41.077Z", "user": 1, "root": null, "parent": null, "reply_to": null}}, {"model": "comment.comment", "pk": 6, "fields": {"content_type": 8, "object_id": 37, "text": "<p>555</p>", "comment_time": "2019-02-04T13:34:16.840Z", "user": 1, "root": null, "parent": null, "reply_to": null}}, {"model": "comment.comment", "pk": 7, "fields": {"content_type": 8, "object_id": 37, "text": "<p>555</p>", "comment_time": "2019-02-04T13:34:30.072Z", "user": 1, "root": null, "parent": null, "reply_to": null}}, {"model": "comment.comment", "pk": 8, "fields": {"content_type": 8, "object_id": 37, "text": "<p>23333</p>", "comment_time": "2019-02-04T13:43:38.549Z", "user": 1, "root": null, "parent": null, "reply_to": null}}, {"model": "comment.comment", "pk": 9, "fields": {"content_type": 8, "object_id": 37, "text": "<p>123</p>", "comment_time": "2019-02-04T16:11:02.366Z", "user": 1, "root": null, "parent": null, "reply_to": null}}, {"model": "comment.comment", "pk": 10, "fields": {"content_type": 8, "object_id": 37, "text": "<p>\u62dc\u5e74</p>", "comment_time": "2019-02-04T16:11:59.837Z", "user": 1, "root": null, "parent": null, "reply_to": null}}, {"model": "comment.comment", "pk": 11, "fields": {"content_type": 8, "object_id": 37, "text": "<p>hi</p>", "comment_time": "2019-02-04T16:16:32.986Z", "user": 1, "root": null, "parent": null, "reply_to": null}}, {"model": "comment.comment", "pk": 12, "fields": {"content_type": 8, "object_id": 37, "text": "<p>111<img alt=\"devil\" height=\"23\" src=\"http://localhost:8000/static/ckeditor/ckeditor/plugins/smiley/images/devil_smile.png\" title=\"devil\" width=\"23\" /></p>", "comment_time": "2019-02-04T16:37:25.510Z", "user": 1, "root": null, "parent": null, "reply_to": null}}, {"model": "comment.comment", "pk": 13, "fields": {"content_type": 8, "object_id": 37, "text": "<p><strong>wol</strong></p>", "comment_time": "2019-02-04T16:39:00.768Z", "user": 1, "root": null, "parent": null, "reply_to": null}}, {"model": "comment.comment", "pk": 14, "fields": {"content_type": 8, "object_id": 36, "text": "<p>321</p>", "comment_time": "2019-02-04T16:42:08.572Z", "user": 1, "root": null, "parent": null, "reply_to": null}}, {"model": "comment.comment", "pk": 15, "fields": {"content_type": 8, "object_id": 37, "text": "yyy", "comment_time": "2019-02-05T15:41:12.102Z", "user": 1, "root": null, "parent": null, "reply_to": null}}, {"model": "comment.comment", "pk": 16, "fields": {"content_type": 8, "object_id": 37, "text": "123123", "comment_time": "2019-02-05T15:45:26.402Z", "user": 2, "root": 1, "parent": 1, "reply_to": 1}}, {"model": "comment.comment", "pk": 17, "fields": {"content_type": 8, "object_id": 36, "text": "<p>qwe</p>", "comment_time": "2019-02-05T17:39:09.953Z", "user": 1, "root": null, "parent": null, "reply_to": null}}, {"model": "comment.comment", "pk": 18, "fields": {"content_type": 8, "object_id": 36, "text": "<p>qwe</p>", "comment_time": "2019-02-05T17:39:14.904Z", "user": 1, "root": null, "parent": null, "reply_to": null}}, {"model": "comment.comment", "pk": 19, "fields": {"content_type": 8, "object_id": 37, "text": "<p>qwe</p>", "comment_time": "2019-02-05T17:39:39.640Z", "user": 1, "root": null, "parent": null, "reply_to": null}}, {"model": "comment.comment", "pk": 20, "fields": {"content_type": 8, "object_id": 37, "text": "<p>123</p>", "comment_time": "2019-02-05T17:44:52.748Z", "user": 1, "root": 19, "parent": 19, "reply_to": 1}}, {"model": "comment.comment", "pk": 21, "fields": {"content_type": 8, "object_id": 37, "text": "<p>234</p>", "comment_time": "2019-02-05T18:01:56.198Z", "user": 1, "root": 19, "parent": 20, "reply_to": 1}}, {"model": "comment.comment", "pk": 22, "fields": {"content_type": 8, "object_id": 37, "text": "<p>234</p>", "comment_time": "2019-02-05T18:01:57.548Z", "user": 1, "root": 19, "parent": 20, "reply_to": 1}}, {"model": "comment.comment", "pk": 23, "fields": {"content_type": 8, "object_id": 37, "text": "<p>234</p>", "comment_time": "2019-02-05T18:03:25.344Z", "user": 1, "root": 19, "parent": 20, "reply_to": 1}}, {"model": "comment.comment", "pk": 24, "fields": {"content_type": 8, "object_id": 37, "text": "<p>555</p>", "comment_time": "2019-02-05T18:04:06.519Z", "user": 1, "root": 15, "parent": 15, "reply_to": 1}}, {"model": "comment.comment", "pk": 25, "fields": {"content_type": 8, "object_id": 36, "text": "<p>123</p>", "comment_time": "2019-02-05T18:06:47.405Z", "user": 1, "root": 18, "parent": 18, "reply_to": 1}}, {"model": "comment.comment", "pk": 26, "fields": {"content_type": 8, "object_id": 36, "text": "<p>888</p>", "comment_time": "2019-02-05T18:07:40.770Z", "user": 1, "root": 18, "parent": 25, "reply_to": 1}}, {"model": "comment.comment", "pk": 27, "fields": {"content_type": 8, "object_id": 36, "text": "<p>yyy</p>", "comment_time": "2019-02-05T18:11:55.296Z", "user": 1, "root": 18, "parent": 18, "reply_to": 1}}, {"model": "admin.logentry", "pk": 1, "fields": {"action_time": "2019-01-29T16:27:02.316Z", "user": 1, "content_type": 7, "object_id": "1", "object_repr": "BlogType object (1)", "action_flag": 1, "change_message": "[{\"added\": {}}]"}}, {"model": "admin.logentry", "pk": 2, "fields": {"action_time": "2019-01-29T16:27:08.407Z", "user": 1, "content_type": 7, "object_id": "2", "object_repr": "BlogType object (2)", "action_flag": 1, "change_message": "[{\"added\": {}}]"}}, {"model": "admin.logentry", "pk": 3, "fields": {"action_time": "2019-01-29T16:27:16.789Z", "user": 1, "content_type": 7, "object_id": "3", "object_repr": "BlogType object (3)", "action_flag": 1, "change_message": "[{\"added\": {}}]"}}, {"model": "admin.logentry", "pk": 4, "fields": {"action_time": "2019-01-29T16:30:43.705Z", "user": 1, "content_type": 8, "object_id": "1", "object_repr": "<Blog: \u7b2c\u4e00\u7bc7\u535a\u5ba2>", "action_flag": 1, "change_message": "[{\"added\": {}}]"}}, {"model": "admin.logentry", "pk": 5, "fields": {"action_time": "2019-01-29T17:23:43.610Z", "user": 1, "content_type": 8, "object_id": "2", "object_repr": "<Blog: \u7b2c\u4e8c\u7bc7\u535a\u5ba2>", "action_flag": 1, "change_message": "[{\"added\": {}}]"}}, {"model": "admin.logentry", "pk": 6, "fields": {"action_time": "2019-01-29T17:29:10.367Z", "user": 1, "content_type": 8, "object_id": "3", "object_repr": "<Blog: \u957f\u5185\u5bb9\u7684\u535a\u5ba2>", "action_flag": 1, "change_message": "[{\"added\": {}}]"}}, {"model": "admin.logentry", "pk": 7, "fields": {"action_time": "2019-01-29T18:15:28.316Z", "user": 1, "content_type": 8, "object_id": "4", "object_repr": "<Blog: \u518d\u6765\u4e00\u7bc7\u968f\u7b14>", "action_flag": 1, "change_message": "[{\"added\": {}}]"}}, {"model": "admin.logentry", "pk": 8, "fields": {"action_time": "2019-01-31T16:44:23.813Z", "user": 1, "content_type": 8, "object_id": "36", "object_repr": "<Blog: 2\u6708\u65b0\u7bc7>", "action_flag": 1, "change_message": "[{\"added\": {}}]"}}, {"model": "admin.logentry", "pk": 9, "fields": {"action_time": "2019-01-31T18:25:56.580Z", "user": 1, "content_type": 8, "object_id": "4", "object_repr": "<Blog: \u518d\u6765\u4e00\u7bc7\u968f\u7b14>", "action_flag": 2, "change_message": "[{\"changed\": {\"fields\": [\"content\"]}}]"}}, {"model": "admin.logentry", "pk": 10, "fields": {"action_time": "2019-01-31T18:52:47.845Z", "user": 1, "content_type": 8, "object_id": "36", "object_repr": "<Blog: 2\u6708\u65b0\u7bc7>", "action_flag": 2, "change_message": "[{\"changed\": {\"fields\": [\"content\"]}}]"}}, {"model": "admin.logentry", "pk": 11, "fields": {"action_time": "2019-01-31T18:55:27.953Z", "user": 1, "content_type": 8, "object_id": "4", "object_repr": "<Blog: \u518d\u6765\u4e00\u7bc7\u968f\u7b14>", "action_flag": 2, "change_message": "[{\"changed\": {\"fields\": [\"content\"]}}]"}}, {"model": "admin.logentry", "pk": 12, "fields": {"action_time": "2019-01-31T19:54:05.999Z", "user": 1, "content_type": 8, "object_id": "4", "object_repr": "<Blog: \u518d\u6765\u4e00\u7bc7\u968f\u7b14>", "action_flag": 2, "change_message": "[]"}}, {"model": "admin.logentry", "pk": 13, "fields": {"action_time": "2019-01-31T19:54:19.635Z", "user": 1, "content_type": 8, "object_id": "36", "object_repr": "<Blog: 2\u6708\u65b0\u7bc7>", "action_flag": 2, "change_message": "[{\"changed\": {\"fields\": [\"content\"]}}]"}}, {"model": "admin.logentry", "pk": 14, "fields": {"action_time": "2019-02-01T12:24:54.473Z", "user": 1, "content_type": 9, "object_id": "1", "object_repr": "ReadNum object (1)", "action_flag": 1, "change_message": "[{\"added\": {}}]"}}, {"model": "admin.logentry", "pk": 15, "fields": {"action_time": "2019-02-01T14:37:15.844Z", "user": 1, "content_type": 8, "object_id": "36", "object_repr": "<Blog: 2\u6708\u65b0\u7bc7>", "action_flag": 2, "change_message": "[{\"changed\": {\"fields\": [\"content\"]}}]"}}, {"model": "admin.logentry", "pk": 16, "fields": {"action_time": "2019-02-01T14:37:45.678Z", "user": 1, "content_type": 8, "object_id": "36", "object_repr": "<Blog: 2\u6708\u65b0\u7bc7>", "action_flag": 2, "change_message": "[{\"changed\": {\"fields\": [\"content\"]}}]"}}, {"model": "admin.logentry", "pk": 17, "fields": {"action_time": "2019-02-01T16:04:09.772Z", "user": 1, "content_type": 10, "object_id": "3", "object_repr": "ReadDetail object (3)", "action_flag": 1, "change_message": "[{\"added\": {}}]"}}, {"model": "admin.logentry", "pk": 18, "fields": {"action_time": "2019-02-01T16:19:15.574Z", "user": 1, "content_type": 10, "object_id": "7", "object_repr": "ReadDetail object (7)", "action_flag": 1, "change_message": "[{\"added\": {}}]"}}, {"model": "admin.logentry", "pk": 19, "fields": {"action_time": "2019-02-02T18:41:50.812Z", "user": 1, "content_type": 8, "object_id": "37", "object_repr": "<Blog: \u65b0\u6625\u4f73\u8282>", "action_flag": 1, "change_message": "[{\"added\": {}}]"}}, {"model": "admin.logentry", "pk": 20, "fields": {"action_time": "2019-02-05T15:41:12.104Z", "user": 1, "content_type": 11, "object_id": "15", "object_repr": "Comment object (15)", "action_flag": 1, "change_message": "[{\"added\": {}}]"}}, {"model": "admin.logentry", "pk": 21, "fields": {"action_time": "2019-02-05T15:45:26.403Z", "user": 1, "content_type": 11, "object_id": "16", "object_repr": "123123", "action_flag": 1, "change_message": "[{\"added\": {}}]"}}, {"model": "admin.logentry", "pk": 22, "fields": {"action_time": "2019-02-05T16:13:22.415Z", "user": 1, "content_type": 11, "object_id": "16", "object_repr": "123123", "action_flag": 2, "change_message": "[{\"changed\": {\"fields\": [\"user\", \"root\", \"reply_to\"]}}]"}}]